,coins
0,BTC
1,ETH
2,YFI
3,USDC
4,USDT
5,SOL
6,BNB
7,WBTC
8,BUSD
9,AVAX
10,XRP
11,DAI
12,ETC
13,LINK
14,DOGE
15,ADA
16,DOT
17,FIL
18,MATIC
19,LTC
20,NEAR
21,UNI
22,OP
23,GALA
24,ATOM
25,APE_1
26,FTM
27,ZEC
28,FLOW
29,SAND
30,EUR
31,ROSE
32,BCH
33,XLM
34,REN
35,MANA
36,WAVES
37,XMR
38,TRX
39,FTT
40,AAVE
41,SPELL
42,RUNE
43,IDEX
44,TORN
45,WBNB
46,GRT
47,ALGO
48,CHZ
49,ENS
50,SHIB
51,EOS
52,CRV
53,FRAX
54,LRC
55,ICP
56,RSR
57,DYDX
58,THETA
59,MINA
60,UNFI
61,ONE
62,LUNA
63,AXS
64,DGB
65,SNX_1
66,CEL
67,EGLD
68,TRB
69,SUSHI
70,LUNC
71,ZIL
72,IMX
73,KSM
74,LQTY
75,MKR
76,ANC
77,1INCH
78,COMP
79,VET
80,ABT
81,FXS
82,BAT
83,RVN
84,QNT
85,DASH
86,HBAR
87,XTZ
88,ALPA
89,JST
90,OCEAN
91,OMG
92,TUSD
93,KDA
94,HEX
95,OGN
96,LDO
97,SUSD
98,CAKE
99,ZKS_1
100,WAVAX
101,BADGER
102,KAVA
103,ENJ
104,GLMR
105,SLP
106,ANT
107,BNT
108,ZEN
109,ALICE
110,CTSI
111,DTA
112,SRM
113,AR
114,AUD
115,SKL
116,MASK
117,PAXG
118,BOND
119,MOVR
120,UST
121,HNT
122,NEO
123,CELO
124,RLC
125,FUN
126,WIN
127,YGG
128,PERP
129,OKB
130,CSPR
131,BAND
132,CELR
133,IOST
134,WFTM
135,LOOKS
136,STORJ
137,CRO
138,AVA
139,KP3R
140,DAR
141,SWFTC
142,YFII
143,POND
144,MIR
145,RAY
146,MIOTA
147,SXP
148,USDP
149,RIF
150,NEXO
151,RAI
152,CHR
153,HOT_1
154,MDT
155,LINA_1
156,BSV
157,KLAY
158,FET
159,DUSK
160,ANKR
161,BTCB
162,C98
163,UMA
164,BAL
165,NMR
166,ILV
167,TWT
168,PYR
169,LPT
170,AUDIO
171,SYN
172,SYN_1
173,COTI
174,DCR
175,QTUM
176,reef
177,TT
178,PREMIA
179,ZRX
180,imt
181,tvk
182,BURGER
183,GUSD
184,FORTH
185,QI
186,VGX
187,DENT
188,IOTX
189,ALPHA
190,INJ
191,STX
192,RAD
193,BTS
194,CLV
195,ONT
196,AMP
197,SCRT_1
198,MITH
199,JOE
200,STEEM
201,ALCX
202,FRONT
203,FAN_1
204,WAXP
205,BLZ
206,LEO
207,XCN
208,MULTI
209,ERN
210,DDX
211,NMR_1
212,SWRV
213,FARM
214,ETH2X-FLI
215,ETH2X-FLI_1
216,FIDA
217,OXT
218,OHM
219,SFP
220,plsd
221,POLS
222,ICX
223,GTO
224,METIS
225,DAO
226,HARD
227,DODO
228,CVX
229,SOC
230,MPL
231,FIRO
232,CVP
233,NKN
234,SC
235,PLU
236,CVC
237,ATA
238,HYC
239,WNXM
240,TFUEL
241,MCB
242,PICKLE
243,NEST
244,LUSD
245,XCH
246,DNT
247,MTL
248,FEI
249,GMT_1
250,NULS
251,CTXC
252,PHA
253,UTK
254,AST
255,XEM
256,EXP
257,REQ
258,LSK
259,HT
260,MCO
261,STMX
262,AMPL
263,SUPER_1
264,RBN
265,WRX
266,XYO
267,GST
268,QUICK
269,PNT
270,TRIBE
271,ELF
272,GNO
273,MXC
274,DIA
275,TKO
276,GHST
277,PNK
278,lunat
279,PVT
280,MOB
281,TCT
282,NEBL
283,QSP
284,TRYB
285,fgd
286,CREAM
287,PERL
288,BTG
289,TCR_1
290,NANO
291,MLN
292,KRL
293,WTC
294,REP
295,ORN
296,OM
297,DOT_1
298,VITE
299,MBOX
300,BEAM
301,cc
302,SSV
303,DFI
304,CKB
305,SOLVE
306,PST
307,BIT
308,DATA
309,GOHM
310,POWR
311,RARE
312,IRIS
313,VRA
314,LCX
315,ALPACA
316,TOMO
317,XRT
318,MUSE
319,ONG
320,POLY
321,BTT
322,AKRO
323,AERGO
324,SNX
325,XVG
326,TDX
327,TDX_1
328,WOOL
329,RENZEC
330,AION
331,LET
332,DOGE_1
333,INV
334,TROY
335,HIGH
336,VALUE
337,VALUE_1
338,birb
339,CNTM
340,SNT
341,LYXE
342,WAN
343,BTRST
344,ARV
345,NU
346,KMD
347,PRQ
348,COVER
349,DOCK
350,SHPING
351,LTO
352,ELA
353,ichi
354,LON
355,POLIS
356,ADX
357,EURT_1
358,UBT
359,TRAC
360,AMB
361,SUPER
362,okinami
363,MFT
364,BTM
365,DHT
366,ITC
367,RUFF
368,SPARTA
369,SNC
370,PRO
371,RARI
372,RGT
373,SPS
374,INT
375,safe
376,DMD
377,KEEP
378,DAD
379,TIME
380,UQC
381,CBD_1
382,CAD
383,NFTY_1
384,GAS
385,ALEPH
386,MDA
387,gymnet
388,ANGLE
389,AIOZ
390,GET
391,PIVX
392,WABI
393,BSCPAD
394,EWT
395,LOOM
396,ALBT
397,MONI
398,UFT
399,BLANK
400,AVT
401,SQUA
402,PAY
403,CQT
404,OAX
405,TONCOIN
406,WOOP
407,GOLD_1
408,MAGIC
409,DYFN
410,THC_1
411,COVAL
412,ARK
413,SUKU
414,CELL
415,DAR_1
416,YVBOOST
417,MOOV
418,THOR
419,BCD
420,BRD
421,HDRN
422,TRU
423,TOKE
424,maxi
425,CORE
426,HDAO
427,AGI
428,WXRP
429,CEEK
430,shido
431,XFUND
432,TFT
433,YOU
434,VIB
435,WICC
436,BFC
437,fwt
438,LINA
439,z7
440,ELON
441,RNT
442,TNB
443,IOI
444,GO
445,BANK
446,ALPHA_1
447,ACT_1
448,DNA
449,CMT
450,LDN
451,BIX
452,driv
453,TCC
454,QLC
455,amazingteam
456,SEON
457,OUSD
458,BIX_1
459,mhunt
460,BTL
461,QASH
462,XDCE
463,OMI
464,EKTA
465,KAR
466,KAR_1
467,bpay
468,MATICPO
469,HVT_1
470,GMM
471,RBC
472,BP_1
473,IOTX_1
474,quint
475,QRDO
476,SIDUS
477,HC
478,UBXT
479,MNGO
480,DBUY
481,GINZA
482,blst
483,DPI
484,INDEX
485,NAS
486,FOAM
487,BSR
488,CRU
489,QKC
490,VOW
491,FUSE
492,NAV
493,ARDR
494,TRUE
495,ORAI
496,NXS
497,fame
498,API3
499,xrx
500,EDEN
501,JPY
502,HXRO
503,VSYS
504,KCASH
505,AUCTION
506,AURORA
507,IDIA
508,TOPC_1
509,TOPC
510,UST_1
511,JASMY
512,breed
513,PAID
514,STARL
515,KOIN
516,POSI
517,jet
518,NFTX
519,DRIP
520,XDB
521,SMT
522,ARMOR
523,OCN
524,SEA_1
525,APIX
526,MTA
527,DKS
528,PPT
529,CARD
530,RAMP
531,PDT
532,HIT
533,LAMB
534,cstc
535,TLM
536,SFI
537,MINT
538,sifu
539,MATH_1
540,BSW
541,UOS
542,SWINGBY
543,MAP
544,MDAO
545,HUDI
546,ech
547,GRID
548,LBA
549,CAPS
550,WCFG
551,BTTOLD
552,SOL_1
553,BHC
554,burn
555,EGT
556,PUDGY
557,AMES
558,INSUR
559,BORA
560,CHAT
561,CERE
562,FSN
563,ORB
564,koi
565,RLY
566,STND
567,YEE
568,CHER
569,MTRG
570,MTRG_1
571,anon
572,mbp
573,DPAD
574,RPL
575,yld
576,L2
577,YAM
578,FLOAT
579,KGO
580,SRK
581,EXRD
582,CLO
583,YOYOW
584,MPH
585,cplt
586,bet
587,JADE
588,PUNK
589,CAP
590,SHEESHA
591,HOT
592,dvf
593,LSS
594,EM
595,GAFI
596,OGO
597,MYST
598,zion
599,zion_1
600,KRED
601,3CRV
602,ARKER
603,WAXE
604,carbo
605,DTO
606,HUNT
607,BYN
608,FRMX
609,XOR
610,YACHTX
611,SDN
612,CUDOS
613,SBTC
614,azw
615,DEX_1
616,POLAR
617,CIFI
618,ARPA
619,LIFE
620,YAM_1
621,BASE
622,MONA
623,BEL
624,URQA
625,AE
626,VSP
627,LORDS
628,PEAK
629,NFTG
630,ORBS
631,R
632,BRISE
633,REVV
634,WSCRT
635,LAZIO
636,EFT
637,AXL
638,GMS
639,LTX
640,WTLOS
641,RFOX
642,RENBTC
643,GYEN
644,CHSB
645,rgld
646,KAN
647,RFR
648,GMR
649,RMRK
650,MDS
651,COMFI
652,KIRO
653,TEMP
654,wagmi
655,XCHF
656,RAZOR
657,fitfi
658,HPT
659,NCASH
660,PNGN
661,BNB_1
662,DAWN
663,$taro
664,RNDR
665,SEELE
666,zoa
667,movx
668,VRX
669,1amd
670,AVG
671,LZ
672,DDOS
673,BAO
674,osk
675,LIBERO
676,ISA
677,TIP
678,SENATE
679,XWG
680,MIST
681,BLOCKS
682,WHALE
683,MINTYS
684,BPAD
685,XYZ
686,ASH
687,MONS
688,hibayc
689,DBC
690,RAIN
691,EURT
692,IZI
693,mxm
694,GSWAP
695,BMI
696,SHARE
697,F9
698,BONDLY
699,biofi
700,UNO_1
701,OPV
702,DERI
703,st
704,NUM
705,TAU
706,TCAP
707,TCAP_1
708,XDOGE_1
709,MAPS
710,PENDLE
711,GCAKE
712,CLNY
713,istep
714,FWB
715,DRGN
716,movez
717,DVI
718,FOLD
719,MIST_1
720,DIGG
721,ZCN
722,WSC
723,SANTOS
724,BABY
725,KIN
726,SDT
727,SPI
728,UMB
729,IDLE
730,CWT
731,LOA
732,FNC
733,FUSDT
734,META
735,hee
736,NEW
737,MIX
738,LSWAP
739,OXB
740,TFD
741,GNT
742,MIR_1
743,TENSHI
744,BANK_1
745,0xBTC
746,roemp
747,STARLY
748,NCT
749,REAL_1
750,cubic
751,AETHC
752,FTE
753,SMT_1
754,CHAIN
755,DEV
756,MONSTA_1
757,igr
758,EL
759,SOUL
760,bankers
761,HSF
762,CUMMIES
763,GAMMA
764,AIR
765,UCO
766,HE
767,SHFT
768,WEAR
769,DINGO
770,IOEN
771,OSW
772,WAR_1
773,NINKY
774,$colr
775,RITE
776,LGCY
777,GMI
778,BIOS
779,SWASH
780,PPAY
781,LEAD
782,DOMI
783,XWAP
784,dryp
785,STEP
786,GM
787,LABS
788,CVT
789,COT_1
790,bend
791,AKT
792,AWC
793,UNCX
794,REFI
795,DLTA
796,COOL
797,bas
798,PRX
799,HAI
800,PAPER_1
801,maticpad
802,STACK
803,KALM
804,got
805,ALLUO
806,WOJ
807,HEGIC
808,GERO
809,CVNT
810,CVNT_1
811,DVG
812,MED
813,DNXC
814,TKING
815,IHC
816,RCN
817,DOGEDASH
818,NEKO
819,MONO
820,PSB
821,DOUGH
822,WORLD
823,SKM
824,EPIK
825,DMTR
826,WARS
827,spky
828,DRCT
829,stepg
830,PSY_1
831,XIV
832,DIGICHAIN
833,HORD
834,ARTM
835,ARCX
836,WILD
837,NGC
838,NGC_1
839,UTU
840,CTX
841,TRAVA
842,UNIDX
843,STORE
844,reset
845,PPC
846,SNP
847,SNP_1
848,PLA
849,DSLA
850,APY
851,hot
852,JED
853,RUSD
854,MULTI_1
855,WHITE
856,OHM_1
857,KDG
858,bcity
859,DVDX
860,POOL
861,POOL_1
862,KOL
863,USDCET
864,sdt
865,QBIT
866,BAN
867,UMAD
868,UNISTAKE
869,ELFI
870,XRA
871,POOCOIN
872,FINE
873,OIL
874,lung
875,MDX_1
876,hero
877,DATA_1
878,CZUSD
879,ELI
880,HDV
881,DEFIT
882,so
883,frzss
884,mgm
885,dkuma
886,TNODE
887,CGG
888,ASP_1
889,CWEB
890,NUX
891,PKF
892,VRN
893,MASQ
894,sinu
895,KONGZ20
896,APE$
897,sky
898,AI
899,czshares
900,KAMPAY
901,nutgv2
902,YOOSHI
903,PSP
904,BPT_1
905,MTG
906,XPX
907,RDD
908,DADI
909,DADI_1
910,GNX
911,CTCO
912,MFG
913,XDOGE
914,SCAR
915,FEAR
916,NIIFI
917,NLC2
918,hiro
919,DOGO_1
920,SRN
921,NSURE
922,GTC
923,KINGSHIB
924,MTN
925,ZEFU
926,FRAT
927,KNDX
928,VAI
929,ETP
930,gstrm
931,GTON
932,USDS
933,BOG
934,BFG
935,MINDS
936,BIST
937,GRS
938,ARC_1
939,FORM
940,SMON
941,PINKSALE
942,WOD
943,ACT
944,TEL
945,KBOX
946,$LORDZ
947,$LORDZ_1
948,CFI
949,ROOM
950,ANB
951,GNBU
952,CIRUS
953,GAME
954,BLOCK
955,CWS
956,KATA
957,YOP
958,DEFIDO
959,DHV
960,noe
961,H2E
962,USDTSO
963,XZAR
964,ETN
965,EASY
966,LEPA
967,nbox
968,EPS
969,ROAD
970,SPA
971,TGT
972,HER_1
973,SMARTCREDIT
974,TOWER
975,TIDAL
976,VERSE
977,BPRO
978,BCDT
979,SWTH
980,BART_1
981,DRT_1
982,SPAY
983,BAIT
984,PULI
985,PCL
986,SPIRIT
987,KITTY_1
988,PKT
989,TTK
990,SUPERBID
991,$SANDWICH
992,MMETA
993,UMBR
994,AIX
995,LIMIT
996,REP_1
997,RIFI
998,anation
999,WPKT
1000,PLSPAD
1001,MATTER
1002,BTNT
1003,SUNC
1004,SOLACE
1005,milky
1006,MITX
1007,Argon
1008,GAIA
1009,SHG_1
1010,DBC_1
1011,merce
1012,STT
1013,CXO
1014,DOV
1015,MVEDA
1016,FLY
1017,MTLX
1018,YAK
1019,vst
1020,BCH_1
1021,PLOT
1022,tiger
1023,LION
1024,EDO
1025,EDO_1
1026,mones
1027,adal
1028,CHEDDA
1029,LOCG
1030,LEAG
1031,BITE
1032,DFH
1033,MERKLE
1034,CLIFF
1035,MEISHU
1036,USDN
1037,SUTEKU
1038,BFT
1039,MPS
1040,STKR
1041,LPL
1042,VLXPAD
1043,useless
1044,jam
1045,wow
1046,LND_1
1047,WIDI
1048,HAVEN
1049,MOONARCH
1050,CC
1051,MGH
1052,LAYER
1053,mile
1054,STZ
1055,VERA
1056,BOX
1057,$CLEAR
1058,HERA
1059,WBTC_1
1060,LBC
1061,CTI
1062,CTP
1063,TSX
1064,PAI
1065,cri
1066,KEX
1067,ATLAS
1068,elvn
1069,spr
1070,LQD
1071,AGRS
1072,IBETH
1073,RING
1074,CPOO
1075,MTRL
1076,XMS_1
1077,STGZ
1078,YFL
1079,apefi
1080,DEUX
1081,XY
1082,FXF
1083,MEEBITS20
1084,BITANT
1085,SFUEL
1086,CSM
1087,NHT
1088,ZEFI
1089,STATIC
1090,BSL
1091,LND
1092,BTSG
1093,EMC2
1094,MDX
1095,TOD
1096,DIS
1097,GTON_1
1098,AGLD
1099,VLX
1100,PROT
1101,astar
1102,NEXT_1
1103,KCS
1104,KONO
1105,APP
1106,czbusd
1107,FAN
1108,PTF
1109,summer
1110,ARES
1111,BPLUS
1112,ABYSS
1113,othr
1114,DARK
1115,oly
1116,BUFFS
1117,MEPAD
1118,ev
1119,EROWAN
1120,USDCPO
1121,OWL
1122,DUKE
1123,rckc
1124,CGC
1125,BENT
1126,lgo
1127,kngs
1128,MRCR
1129,HELMET
1130,GALEON
1131,WE
1132,BBS
1133,VTC
1134,WEAVE
1135,ROCK
1136,owl
1137,POP
1138,ARA
1139,NRV
1140,OK
1141,RBTC
1142,MANA_1
1143,FATCAKE_1
1144,CNTR
1145,UNIFI
1146,TRAVEL
1147,KWT
1148,SWM
1149,IDK
1150,MOMA
1151,psr
1152,pinetworkdefi
1153,ASM
1154,OBT
1155,OASIS
1156,ZAP
1157,SPACEXDOGE
1158,SPANK
1159,SNTVT
1160,LOG
1161,WMT
1162,BALPHA
1163,BANCA
1164,BLUE
1165,rocketfi
1166,UBXS
1167,AIRI
1168,BUND
1169,KAPPA
1170,lfg
1171,GXT
1172,DTOP
1173,EVILSQUID
1174,ELV
1175,XVS
1176,NDX
1177,AMAS
1178,PASSIVE
1179,LKR
1180,trv
1181,ARCONA
1182,TYC_1
1183,bzrx
1184,KYL
1185,GANY
1186,SPCV2
1187,YFFII
1188,DOGE2
1189,MRX
1190,AGLYPH
1191,DXD
1192,KITTY DINGER
1193,sck
1194,EVNY
1195,USDK
1196,XDEX
1197,XDEX_1
1198,IGNIS
1199,PARA
1200,mifi
1201,wcsov
1202,MFO
1203,ICNQ
1204,NFTD
1205,BAC
1206,DIVINE
1207,MOC
1208,stketh
1209,adao
1210,VIA
1211,shah
1212,FCT
1213,polypad
1214,OXY
1215,ORIO
1216,VEE
1217,DMT
1218,DEFX
1219,GXC
1220,DF
1221,SPICE_1
1222,INXT
1223,SEAMLESS
1224,TGC
1225,LOOMOLD
1226,KMON
1227,CND
1228,IETHV
1229,NRFB
1230,smcw
1231,amb
1232,SK
1233,DRC
1234,LITH
1235,BRO
1236,LIEN
1237,KEY
1238,FTG
1239,YFF
1240,CRFI
1241,L2PAD
1242,START
1243,BAOE
1244,HLTH
1245,CATBOY
1246,XEND
1247,MEXI
1248,zeri
1249,SBD
1250,YAE
1251,GBYTE
1252,NEXUS
1253,BITBUCKS
1254,TKN
1255,WAG
1256,WAG_1
1257,SWIN
1258,NEXT
1259,pefi
1260,BOR_1
1261,RBXS
1262,NCT_1
1263,CHIZ
1264,XFI
1265,XMX
1266,KBN
1267,YMPA
1268,N1
1269,EURS
1270,STFIRO
1271,FLUX_1
1272,DND
1273,FWT
1274,loop
1275,VESTA
1276,GTR
1277,PDX
1278,WFAIR
1279,WAD
1280,PPAD
1281,monday
1282,DOWS
1283,VOX
1284,sgmt
1285,PNG
1286,MLTPX
1287,vic
1288,SUTER
1289,SHOP
1290,TIKI
1291,HTB
1292,QUANTIC
1293,CONC
1294,OPIUM
1295,DLD
1296,SMX
1297,DEPAY
1298,WQT
1299,CORN
1300,HMR
1301,CV
1302,KEY_1
1303,PPBLZ
1304,PLAY
1305,SHN
1306,kyoko
1307,$ICONS
1308,TBL
1309,TWA
1310,LIF_1
1311,BYG
1312,SFT
1313,ESD
1314,MILO_1
1315,TOMOE
1316,F2C
1317,KORI
1318,BCMC
1319,BINO
1320,DEFI+L
1321,ARTE
1322,BTCBR
1323,SMASH
1324,KEL
1325,TENFI
1326,XYSL
1327,relic
1328,FDNZA
1329,NLIFE
1330,PAPR
1331,YFIII
1332,CBANK
1333,CBANK_1
1334,TTT
1335,SLICE
1336,GEMIT
1337,DTH
1338,SG
1339,SPG
1340,STAKE
1341,BAR
1342,IBG
1343,WATCH
1344,KNOX
1345,DOS
1346,PIST
1347,FTC
1348,SIP
1349,USDO
1350,DO
1351,BMXX
1352,ZMBE
1353,CENT_1
1354,AMN
1355,BERRY
1356,$GENE
1357,LIT
1358,UPP
1359,satsall
1360,KIMCHI
1361,BSGG
1362,MER
1363,DNL
1364,C20
1365,SHPING_1
1366,CSM_1
1367,AZUKI
1368,T99
1369,hes
1370,BURD
1371,ATHENASV2
1372,SAO
1373,PURSE
1374,ALIX
1375,BREE
1376,SWDAO
1377,OCT
1378,DGD
1379,DUCK
1380,EZX
1381,DGCL
1382,HYPERSONIC
1383,DGOLD
1384,DAMA
